<?xml version="1.0" encoding="UTF-8"?>
<project version="4">
  <component name="ChangeListManager">
    <list default="true" id="c34ea9cd-1d71-4e2f-b3cd-7bba8cc6537a" name="默认的" comment="" />
    <ignored path="移动学堂index.iws" />
    <ignored path=".idea/workspace.xml" />
    <option name="EXCLUDED_CONVERTED_TO_IGNORED" value="true" />
    <option name="TRACKING_ENABLED" value="true" />
    <option name="SHOW_DIALOG" value="false" />
    <option name="HIGHLIGHT_CONFLICTS" value="true" />
    <option name="HIGHLIGHT_NON_ACTIVE_CHANGELIST" value="false" />
    <option name="LAST_RESOLUTION" value="IGNORE" />
  </component>
  <component name="ChangesViewManager" flattened_view="true" show_ignored="false" />
  <component name="CreatePatchCommitExecutor">
    <option name="PATCH_PATH" value="" />
  </component>
  <component name="ExecutionTargetManager" SELECTED_TARGET="default_target" />
  <component name="FavoritesManager">
    <favorites_list name="移动学堂index" />
  </component>
  <component name="FileEditorManager">
    <leaf>
      <file leaf-file-name="bass.css" pinned="false" current-in-tab="false">
        <entry file="file://$PROJECT_DIR$/.idea/css/bass.css">
          <provider selected="true" editor-type-id="text-editor">
            <state vertical-scroll-proportion="0.0">
              <caret line="18" column="5" selection-start-line="18" selection-start-column="5" selection-end-line="18" selection-end-column="5" />
              <folding />
            </state>
          </provider>
        </entry>
      </file>
      <file leaf-file-name="index1.css" pinned="false" current-in-tab="false">
        <entry file="file://$PROJECT_DIR$/.idea/css/index1.css">
          <provider selected="true" editor-type-id="text-editor">
            <state vertical-scroll-proportion="0.0">
              <caret line="9" column="9" selection-start-line="9" selection-start-column="9" selection-end-line="9" selection-end-column="9" />
              <folding />
            </state>
          </provider>
        </entry>
      </file>
      <file leaf-file-name="index1.html" pinned="false" current-in-tab="false">
        <entry file="file://$PROJECT_DIR$/.idea/index1.html">
          <provider selected="true" editor-type-id="text-editor">
            <state vertical-scroll-proportion="-9.103448">
              <caret line="129" column="10" selection-start-line="0" selection-start-column="0" selection-end-line="144" selection-end-column="7" />
              <folding>
                <element signature="e#459#1757#0" expanded="false" />
              </folding>
            </state>
          </provider>
        </entry>
      </file>
      <file leaf-file-name="vedio.css" pinned="false" current-in-tab="false">
        <entry file="file://$PROJECT_DIR$/.idea/css/vedio.css">
          <provider selected="true" editor-type-id="text-editor">
            <state vertical-scroll-proportion="0.0">
              <caret line="51" column="0" selection-start-line="51" selection-start-column="0" selection-end-line="56" selection-end-column="1" />
              <folding />
            </state>
          </provider>
        </entry>
      </file>
      <file leaf-file-name="vedio.html" pinned="false" current-in-tab="true">
        <entry file="file://$PROJECT_DIR$/.idea/vedio.html">
          <provider selected="true" editor-type-id="text-editor">
            <state vertical-scroll-proportion="0.8093588">
              <caret line="32" column="10" selection-start-line="19" selection-start-column="3" selection-end-line="32" selection-end-column="10" />
              <folding />
            </state>
          </provider>
        </entry>
      </file>
    </leaf>
  </component>
  <component name="FileTemplateManagerImpl">
    <option name="RECENT_TEMPLATES">
      <list>
        <option value="CSS File" />
        <option value="Html5" />
      </list>
    </option>
  </component>
  <component name="IdeDocumentHistory">
    <option name="CHANGED_PATHS">
      <list>
        <option value="$PROJECT_DIR$/css/in-style.css" />
        <option value="$PROJECT_DIR$/css/example.html" />
        <option value="$PROJECT_DIR$/.idea/index.html" />
        <option value="$PROJECT_DIR$/.idea/muban.html" />
        <option value="$PROJECT_DIR$/.idea/11.12.html" />
        <option value="$PROJECT_DIR$/.idea/css/in-style.css" />
        <option value="$PROJECT_DIR$/.idea/css/index.css" />
        <option value="$PROJECT_DIR$/.idea/css/index1.html" />
        <option value="$PROJECT_DIR$/.idea/css/bass.css" />
        <option value="$PROJECT_DIR$/.idea/clarify.html" />
        <option value="$PROJECT_DIR$/.idea/css/clarify.css" />
        <option value="$PROJECT_DIR$/.idea/index1.html" />
        <option value="$PROJECT_DIR$/.idea/css/index1.css" />
        <option value="$PROJECT_DIR$/.idea/css/vedio.html" />
        <option value="$PROJECT_DIR$/.idea/css/vedio.css" />
        <option value="$PROJECT_DIR$/.idea/vedio.html" />
      </list>
    </option>
  </component>
  <component name="JsBuildToolGruntFileManager" detection-done="true" />
  <component name="JsGulpfileManager">
    <detection-done>true</detection-done>
  </component>
  <component name="NamedScopeManager">
    <order />
  </component>
  <component name="ProjectFrameBounds">
    <option name="x" value="-8" />
    <option name="y" value="-8" />
    <option name="width" value="1382" />
    <option name="height" value="744" />
  </component>
  <component name="ProjectLevelVcsManager" settingsEditedManually="false">
    <OptionsSetting value="true" id="Add" />
    <OptionsSetting value="true" id="Remove" />
    <OptionsSetting value="true" id="Checkout" />
    <OptionsSetting value="true" id="Update" />
    <OptionsSetting value="true" id="Status" />
    <OptionsSetting value="true" id="Edit" />
    <OptionsSetting value="true" id="添加" />
    <OptionsSetting value="true" id="移除" />
    <OptionsSetting value="true" id="签出" />
    <OptionsSetting value="true" id="更新" />
    <OptionsSetting value="true" id="状态" />
    <OptionsSetting value="true" id="编辑" />
    <ConfirmationsSetting value="0" id="添加" />
    <ConfirmationsSetting value="0" id="移除" />
  </component>
  <component name="ProjectView">
    <navigator proportions="" version="1">
      <flattenPackages />
      <showMembers />
      <showModules />
      <showLibraryContents />
      <hideEmptyPackages />
      <abbreviatePackageNames />
      <autoscrollToSource />
      <autoscrollFromSource />
      <sortByType />
    </navigator>
    <panes />
  </component>
  <component name="PropertiesComponent">
    <property name="options.lastSelected" value="configurable.group.appearance" />
    <property name="options.splitter.main.proportions" value="0.3" />
    <property name="options.splitter.details.proportions" value="0.2" />
    <property name="settings.editor.selected.configurable" value="configurable.group.tools" />
    <property name="settings.editor.splitter.proportion" value="0.2" />
    <property name="last_opened_file_path" value="$PROJECT_DIR$" />
    <property name="WebServerToolWindowFactoryState" value="false" />
    <property name="HbShouldOpenHtmlAsHb" value="" />
    <property name="DefaultHtmlFileTemplate" value="Html5" />
    <property name="list.type.of.created.stylesheet" value="CSS" />
    <property name="FullScreen" value="false" />
    <property name="recentsLimit" value="5" />
  </component>
  <component name="RunManager" selected="JavaScript Debug.index.html">
    <configuration default="false" name="index.html" type="JavascriptDebugType" factoryName="JavaScript Debug" temporary="true" nameIsGenerated="true" uri="http://localhost:63342/移动学堂index/.idea/index.html">
      <method />
    </configuration>
    <configuration default="true" type="DartCommandLineRunConfigurationType" factoryName="Dart Command Line Application">
      <method />
    </configuration>
    <configuration default="true" type="DartUnitRunConfigurationType" factoryName="DartUnit">
      <method />
    </configuration>
    <configuration default="true" type="JavaScriptTestRunnerKarma" factoryName="Karma" config-file="">
      <envs />
      <method />
    </configuration>
    <configuration default="true" type="JavascriptDebugType" factoryName="JavaScript Debug">
      <method />
    </configuration>
    <configuration default="true" type="JsTestDriver-test-runner" factoryName="JsTestDriver">
      <setting name="configLocationType" value="CONFIG_FILE" />
      <setting name="settingsFile" value="" />
      <setting name="serverType" value="INTERNAL" />
      <setting name="preferredDebugBrowser" value="Chrome" />
      <method />
    </configuration>
    <configuration default="true" type="NodeJSConfigurationType" factoryName="Node.js" working-dir="">
      <method />
    </configuration>
    <configuration default="true" type="cucumber.js" factoryName="Cucumber.js">
      <option name="cucumberJsArguments" value="" />
      <option name="executablePath" />
      <option name="filePath" />
      <method />
    </configuration>
    <configuration default="true" type="js.build_tools.gulp" factoryName="Gulp.js">
      <node-options />
      <gulpfile />
      <tasks />
      <arguments />
      <pass-parent-envs>true</pass-parent-envs>
      <envs />
      <method />
    </configuration>
    <list size="1">
      <item index="0" class="java.lang.String" itemvalue="JavaScript Debug.index.html" />
    </list>
    <recent_temporary>
      <list size="1">
        <item index="0" class="java.lang.String" itemvalue="JavaScript Debug.index.html" />
      </list>
    </recent_temporary>
  </component>
  <component name="ShelveChangesManager" show_recycled="false" />
  <component name="SvnConfiguration">
    <configuration />
  </component>
  <component name="TaskManager">
    <task active="true" id="Default" summary="Default task">
      <changelist id="c34ea9cd-1d71-4e2f-b3cd-7bba8cc6537a" name="默认的" comment="" />
      <created>1478751925332</created>
      <option name="number" value="Default" />
      <updated>1478751925332</updated>
    </task>
    <servers />
  </component>
  <component name="ToolWindowManager">
    <frame x="-8" y="-8" width="1382" height="744" extended-state="6" />
    <editor active="true" />
    <layout>
      <window_info id="Project" active="false" anchor="left" auto_hide="false" internal_type="DOCKED" type="DOCKED" visible="false" weight="0.25" sideWeight="0.5" order="0" side_tool="false" content_ui="tabs" />
      <window_info id="TODO" active="false" anchor="bottom" auto_hide="false" internal_type="DOCKED" type="DOCKED" visible="false" weight="0.33" sideWeight="0.5" order="6" side_tool="false" content_ui="tabs" />
      <window_info id="版本控制" active="false" anchor="bottom" auto_hide="false" internal_type="DOCKED" type="DOCKED" visible="false" weight="0.33" sideWeight="0.5" order="7" side_tool="false" content_ui="tabs" />
      <window_info id="调试" active="false" anchor="bottom" auto_hide="false" internal_type="DOCKED" type="DOCKED" visible="false" weight="0.012598425" sideWeight="0.5" order="7" side_tool="true" content_ui="tabs" />
      <window_info id="Event Log" active="false" anchor="bottom" auto_hide="false" internal_type="DOCKED" type="DOCKED" visible="false" weight="0.33" sideWeight="0.5" order="7" side_tool="true" content_ui="tabs" />
      <window_info id="Application Servers" active="false" anchor="bottom" auto_hide="false" internal_type="DOCKED" type="DOCKED" visible="false" weight="0.33" sideWeight="0.5" order="7" side_tool="false" content_ui="tabs" />
      <window_info id="Structure" active="false" anchor="left" auto_hide="false" internal_type="DOCKED" type="DOCKED" visible="false" weight="0.25" sideWeight="0.5" order="1" side_tool="false" content_ui="tabs" />
      <window_info id="Terminal" active="false" anchor="bottom" auto_hide="false" internal_type="DOCKED" type="DOCKED" visible="false" weight="0.33" sideWeight="0.5" order="7" side_tool="false" content_ui="tabs" />
      <window_info id="运行" active="false" anchor="bottom" auto_hide="false" internal_type="DOCKED" type="DOCKED" visible="false" weight="0.33" sideWeight="0.5" order="7" side_tool="false" content_ui="tabs" />
      <window_info id="Favorites" active="false" anchor="left" auto_hide="false" internal_type="DOCKED" type="DOCKED" visible="false" weight="0.33" sideWeight="0.5" order="2" side_tool="true" content_ui="tabs" />
      <window_info id="Cvs" active="false" anchor="bottom" auto_hide="false" internal_type="DOCKED" type="DOCKED" visible="false" weight="0.25" sideWeight="0.5" order="4" side_tool="false" content_ui="tabs" />
      <window_info id="Message" active="false" anchor="bottom" auto_hide="false" internal_type="DOCKED" type="DOCKED" visible="false" weight="0.33" sideWeight="0.5" order="0" side_tool="false" content_ui="tabs" />
      <window_info id="Commander" active="false" anchor="right" auto_hide="false" internal_type="SLIDING" type="SLIDING" visible="false" weight="0.4" sideWeight="0.5" order="0" side_tool="false" content_ui="tabs" />
      <window_info id="Inspection" active="false" anchor="bottom" auto_hide="false" internal_type="DOCKED" type="DOCKED" visible="false" weight="0.4" sideWeight="0.5" order="5" side_tool="false" content_ui="tabs" />
      <window_info id="Run" active="false" anchor="bottom" auto_hide="false" internal_type="DOCKED" type="DOCKED" visible="false" weight="0.33" sideWeight="0.5" order="2" side_tool="false" content_ui="tabs" />
      <window_info id="Hierarchy" active="false" anchor="right" auto_hide="false" internal_type="DOCKED" type="DOCKED" visible="false" weight="0.25" sideWeight="0.5" order="2" side_tool="false" content_ui="combo" />
      <window_info id="Find" active="false" anchor="bottom" auto_hide="false" internal_type="DOCKED" type="DOCKED" visible="false" weight="0.33" sideWeight="0.5" order="1" side_tool="false" content_ui="tabs" />
      <window_info id="Ant Build" active="false" anchor="right" auto_hide="false" internal_type="DOCKED" type="DOCKED" visible="false" weight="0.25" sideWeight="0.5" order="1" side_tool="false" content_ui="tabs" />
      <window_info id="Debug" active="false" anchor="bottom" auto_hide="false" internal_type="DOCKED" type="DOCKED" visible="false" weight="0.4" sideWeight="0.5" order="3" side_tool="false" content_ui="tabs" />
    </layout>
  </component>
  <component name="Vcs.Log.UiProperties">
    <option name="RECENTLY_FILTERED_USER_GROUPS">
      <collection />
    </option>
    <option name="RECENTLY_FILTERED_BRANCH_GROUPS">
      <collection />
    </option>
  </component>
  <component name="VcsContentAnnotationSettings">
    <option name="myLimit" value="2678400000" />
  </component>
  <component name="XDebuggerManager">
    <breakpoint-manager />
    <watches-manager />
  </component>
  <component name="editorHistoryManager">
    <entry file="file://$PROJECT_DIR$/.idea/clarify.html">
      <provider selected="true" editor-type-id="text-editor">
        <state vertical-scroll-proportion="0.0">
          <caret line="33" column="0" selection-start-line="33" selection-start-column="0" selection-end-line="33" selection-end-column="0" />
          <folding />
        </state>
      </provider>
    </entry>
    <entry file="file://$PROJECT_DIR$/.idea/css/index1.css">
      <provider selected="true" editor-type-id="text-editor">
        <state vertical-scroll-proportion="0.0">
          <caret line="8" column="0" selection-start-line="8" selection-start-column="0" selection-end-line="8" selection-end-column="0" />
          <folding />
        </state>
      </provider>
    </entry>
    <entry file="file://$PROJECT_DIR$/.idea/css/bass.css">
      <provider selected="true" editor-type-id="text-editor">
        <state vertical-scroll-proportion="0.0">
          <caret line="18" column="28" selection-start-line="18" selection-start-column="28" selection-end-line="18" selection-end-column="28" />
          <folding />
        </state>
      </provider>
    </entry>
    <entry file="file://$PROJECT_DIR$/.idea/css/in-style.css">
      <provider selected="true" editor-type-id="text-editor">
        <state vertical-scroll-proportion="0.0">
          <caret line="65" column="34" selection-start-line="65" selection-start-column="34" selection-end-line="65" selection-end-column="34" />
        </state>
      </provider>
    </entry>
    <entry file="file://$PROJECT_DIR$/.idea/index1.html">
      <provider selected="true" editor-type-id="text-editor">
        <state vertical-scroll-proportion="0.0">
          <caret line="125" column="83" selection-start-line="125" selection-start-column="83" selection-end-line="125" selection-end-column="83" />
          <folding>
            <element signature="e#459#1757#0" expanded="false" />
          </folding>
        </state>
      </provider>
    </entry>
    <entry file="file://$PROJECT_DIR$/.idea/css/index1.css">
      <provider selected="true" editor-type-id="text-editor">
        <state vertical-scroll-proportion="0.0">
          <caret line="0" column="0" selection-start-line="0" selection-start-column="0" selection-end-line="0" selection-end-column="0" />
          <folding />
        </state>
      </provider>
    </entry>
    <entry file="file://$PROJECT_DIR$/.idea/css/bass.css">
      <provider selected="true" editor-type-id="text-editor">
        <state vertical-scroll-proportion="0.0">
          <caret line="18" column="28" selection-start-line="18" selection-start-column="28" selection-end-line="18" selection-end-column="28" />
          <folding />
        </state>
      </provider>
    </entry>
    <entry file="file://$PROJECT_DIR$/.idea/css/in-style.css">
      <provider selected="true" editor-type-id="text-editor">
        <state vertical-scroll-proportion="0.0">
          <caret line="65" column="34" selection-start-line="65" selection-start-column="34" selection-end-line="65" selection-end-column="34" />
        </state>
      </provider>
    </entry>
    <entry file="file://$PROJECT_DIR$/.idea/index1.html">
      <provider selected="true" editor-type-id="text-editor">
        <state vertical-scroll-proportion="0.0">
          <caret line="130" column="25" selection-start-line="130" selection-start-column="25" selection-end-line="130" selection-end-column="25" />
          <folding>
            <element signature="e#459#1757#0" expanded="false" />
          </folding>
        </state>
      </provider>
    </entry>
    <entry file="file://$PROJECT_DIR$/.idea/css/index1.css">
      <provider selected="true" editor-type-id="text-editor">
        <state vertical-scroll-proportion="0.0">
          <caret line="123" column="19" selection-start-line="123" selection-start-column="19" selection-end-line="123" selection-end-column="19" />
          <folding />
        </state>
      </provider>
    </entry>
    <entry file="file://$PROJECT_DIR$/.idea/css/bass.css">
      <provider selected="true" editor-type-id="text-editor">
        <state vertical-scroll-proportion="0.0">
          <caret line="18" column="28" selection-start-line="18" selection-start-column="28" selection-end-line="18" selection-end-column="28" />
          <folding />
        </state>
      </provider>
    </entry>
    <entry file="file://$PROJECT_DIR$/.idea/css/in-style.css">
      <provider selected="true" editor-type-id="text-editor">
        <state vertical-scroll-proportion="0.0">
          <caret line="65" column="34" selection-start-line="65" selection-start-column="34" selection-end-line="65" selection-end-column="34" />
        </state>
      </provider>
    </entry>
    <entry file="file://$PROJECT_DIR$/.idea/index1.html">
      <provider selected="true" editor-type-id="text-editor">
        <state vertical-scroll-proportion="0.0">
          <caret line="73" column="8" selection-start-line="73" selection-start-column="8" selection-end-line="73" selection-end-column="8" />
          <folding>
            <element signature="e#459#1757#0" expanded="false" />
          </folding>
        </state>
      </provider>
    </entry>
    <entry file="file://$PROJECT_DIR$/.idea/css/index1.css">
      <provider selected="true" editor-type-id="text-editor">
        <state vertical-scroll-proportion="0.0">
          <caret line="0" column="0" selection-start-line="0" selection-start-column="0" selection-end-line="0" selection-end-column="0" />
          <folding />
        </state>
      </provider>
    </entry>
    <entry file="file://$PROJECT_DIR$/.idea/css/bass.css">
      <provider selected="true" editor-type-id="text-editor">
        <state vertical-scroll-proportion="0.0">
          <caret line="18" column="28" selection-start-line="18" selection-start-column="28" selection-end-line="18" selection-end-column="28" />
          <folding />
        </state>
      </provider>
    </entry>
    <entry file="file://$PROJECT_DIR$/.idea/css/in-style.css">
      <provider selected="true" editor-type-id="text-editor">
        <state vertical-scroll-proportion="0.0">
          <caret line="65" column="34" selection-start-line="65" selection-start-column="34" selection-end-line="65" selection-end-column="34" />
        </state>
      </provider>
    </entry>
    <entry file="file://$PROJECT_DIR$/.idea/index1.html">
      <provider selected="true" editor-type-id="text-editor">
        <state vertical-scroll-proportion="0.0">
          <caret line="119" column="10" selection-start-line="119" selection-start-column="10" selection-end-line="119" selection-end-column="10" />
          <folding>
            <element signature="e#459#1757#0" expanded="false" />
          </folding>
        </state>
      </provider>
    </entry>
    <entry file="file://$PROJECT_DIR$/.idea/css/index1.css">
      <provider selected="true" editor-type-id="text-editor">
        <state vertical-scroll-proportion="0.0">
          <caret line="0" column="0" selection-start-line="0" selection-start-column="0" selection-end-line="0" selection-end-column="0" />
          <folding />
        </state>
      </provider>
    </entry>
    <entry file="file://$PROJECT_DIR$/.idea/css/bass.css">
      <provider selected="true" editor-type-id="text-editor">
        <state vertical-scroll-proportion="0.0">
          <caret line="18" column="28" selection-start-line="18" selection-start-column="28" selection-end-line="18" selection-end-column="28" />
          <folding />
        </state>
      </provider>
    </entry>
    <entry file="file://$PROJECT_DIR$/.idea/css/in-style.css">
      <provider selected="true" editor-type-id="text-editor">
        <state vertical-scroll-proportion="0.0">
          <caret line="65" column="34" selection-start-line="65" selection-start-column="34" selection-end-line="65" selection-end-column="34" />
        </state>
      </provider>
    </entry>
    <entry file="file://$PROJECT_DIR$/.idea/index1.html">
      <provider selected="true" editor-type-id="text-editor">
        <state vertical-scroll-proportion="0.0">
          <caret line="129" column="84" selection-start-line="129" selection-start-column="84" selection-end-line="129" selection-end-column="84" />
          <folding>
            <element signature="e#459#1757#0" expanded="false" />
          </folding>
        </state>
      </provider>
    </entry>
    <entry file="file://$PROJECT_DIR$/.idea/css/index1.css">
      <provider selected="true" editor-type-id="text-editor">
        <state vertical-scroll-proportion="0.0">
          <caret line="0" column="0" selection-start-line="0" selection-start-column="0" selection-end-line="0" selection-end-column="0" />
          <folding />
        </state>
      </provider>
    </entry>
    <entry file="file://$PROJECT_DIR$/.idea/css/bass.css">
      <provider selected="true" editor-type-id="text-editor">
        <state vertical-scroll-proportion="0.0">
          <caret line="0" column="0" selection-start-line="0" selection-start-column="0" selection-end-line="0" selection-end-column="0" />
          <folding />
        </state>
      </provider>
    </entry>
    <entry file="file://$PROJECT_DIR$/.idea/index1.html">
      <provider selected="true" editor-type-id="text-editor">
        <state vertical-scroll-proportion="0.0">
          <caret line="119" column="6" selection-start-line="119" selection-start-column="6" selection-end-line="119" selection-end-column="6" />
          <folding>
            <element signature="e#459#1757#0" expanded="false" />
          </folding>
        </state>
      </provider>
    </entry>
    <entry file="file://$PROJECT_DIR$/.idea/css/in-style.css">
      <provider selected="true" editor-type-id="text-editor">
        <state vertical-scroll-proportion="0.0">
          <caret line="65" column="34" selection-start-line="65" selection-start-column="34" selection-end-line="65" selection-end-column="34" />
        </state>
      </provider>
    </entry>
    <entry file="file://$PROJECT_DIR$/.idea/css/in-style.css">
      <provider selected="true" editor-type-id="text-editor">
        <state vertical-scroll-proportion="0.0">
          <caret line="0" column="0" selection-start-line="0" selection-start-column="0" selection-end-line="0" selection-end-column="0" />
        </state>
      </provider>
    </entry>
    <entry file="file://$PROJECT_DIR$/.idea/css/in-style.css">
      <provider selected="true" editor-type-id="text-editor">
        <state vertical-scroll-proportion="0.0">
          <caret line="50" column="24" selection-start-line="50" selection-start-column="24" selection-end-line="50" selection-end-column="24" />
        </state>
      </provider>
    </entry>
    <entry file="file://$PROJECT_DIR$/.idea/css/in-style.css">
      <provider selected="true" editor-type-id="text-editor">
        <state vertical-scroll-proportion="0.0">
          <caret line="29" column="1" selection-start-line="29" selection-start-column="1" selection-end-line="29" selection-end-column="1" />
        </state>
      </provider>
    </entry>
    <entry file="file://$PROJECT_DIR$/idea/hide.html">
      <provider selected="true" editor-type-id="text-editor">
        <state vertical-scroll-proportion="0.0">
          <caret line="7" column="3" selection-start-line="7" selection-start-column="3" selection-end-line="17" selection-end-column="13" />
        </state>
      </provider>
    </entry>
    <entry file="file://$PROJECT_DIR$/.idea/css/in-style.css">
      <provider selected="true" editor-type-id="text-editor">
        <state vertical-scroll-proportion="0.0">
          <caret line="29" column="1" selection-start-line="29" selection-start-column="1" selection-end-line="29" selection-end-column="1" />
        </state>
      </provider>
    </entry>
    <entry file="file://$PROJECT_DIR$/.idea/image/topnav-bg1.png">
      <provider selected="true" editor-type-id="images">
        <state />
      </provider>
    </entry>
    <entry file="file://$PROJECT_DIR$/idea/hide.html">
      <provider selected="true" editor-type-id="text-editor">
        <state vertical-scroll-proportion="0.0">
          <caret line="7" column="3" selection-start-line="7" selection-start-column="3" selection-end-line="17" selection-end-column="13" />
        </state>
      </provider>
    </entry>
    <entry file="file://$PROJECT_DIR$/.idea/image/topnavsearch.png">
      <provider selected="true" editor-type-id="images">
        <state />
      </provider>
    </entry>
    <entry file="jar://$APPLICATION_HOME_DIR$/lib/webstorm.jar!/resources/html5-schema/html5/embed.rnc">
      <provider selected="true" editor-type-id="text-editor">
        <state vertical-scroll-proportion="0.5511551">
          <caret line="19" column="64" selection-start-line="19" selection-start-column="64" selection-end-line="19" selection-end-column="64" />
          <folding />
        </state>
      </provider>
    </entry>
    <entry file="file://$PROJECT_DIR$/.idea/css/in-style.css">
      <provider selected="true" editor-type-id="text-editor">
        <state vertical-scroll-proportion="0.05610561">
          <caret line="65" column="34" selection-start-line="65" selection-start-column="34" selection-end-line="65" selection-end-column="34" />
        </state>
      </provider>
    </entry>
    <entry file="file://$PROJECT_DIR$/.idea/clarify.html">
      <provider selected="true" editor-type-id="text-editor">
        <state vertical-scroll-proportion="1.610052">
          <caret line="46" column="0" selection-start-line="46" selection-start-column="0" selection-end-line="46" selection-end-column="0" />
          <folding />
        </state>
      </provider>
    </entry>
    <entry file="file://$PROJECT_DIR$/.idea/css/clarify.css">
      <provider selected="true" editor-type-id="text-editor">
        <state vertical-scroll-proportion="0.29042906">
          <caret line="8" column="0" selection-start-line="8" selection-start-column="0" selection-end-line="8" selection-end-column="0" />
          <folding />
        </state>
      </provider>
    </entry>
    <entry file="file://$PROJECT_DIR$/.idea/css/bass.css">
      <provider selected="true" editor-type-id="text-editor">
        <state vertical-scroll-proportion="0.0">
          <caret line="18" column="5" selection-start-line="18" selection-start-column="5" selection-end-line="18" selection-end-column="5" />
          <folding />
        </state>
      </provider>
    </entry>
    <entry file="file://$PROJECT_DIR$/.idea/css/index1.css">
      <provider selected="true" editor-type-id="text-editor">
        <state vertical-scroll-proportion="0.0">
          <caret line="9" column="9" selection-start-line="9" selection-start-column="9" selection-end-line="9" selection-end-column="9" />
          <folding />
        </state>
      </provider>
    </entry>
    <entry file="file://$PROJECT_DIR$/.idea/index1.html">
      <provider selected="true" editor-type-id="text-editor">
        <state vertical-scroll-proportion="-9.103448">
          <caret line="129" column="10" selection-start-line="0" selection-start-column="0" selection-end-line="144" selection-end-column="7" />
          <folding>
            <element signature="e#459#1757#0" expanded="false" />
          </folding>
        </state>
      </provider>
    </entry>
    <entry file="file://$PROJECT_DIR$/.idea/css/vedio.css">
      <provider selected="true" editor-type-id="text-editor">
        <state vertical-scroll-proportion="0.0">
          <caret line="51" column="0" selection-start-line="51" selection-start-column="0" selection-end-line="56" selection-end-column="1" />
          <folding />
        </state>
      </provider>
    </entry>
    <entry file="file://$PROJECT_DIR$/.idea/vedio.html">
      <provider selected="true" editor-type-id="text-editor">
        <state vertical-scroll-proportion="0.8093588">
          <caret line="32" column="10" selection-start-line="19" selection-start-column="3" selection-end-line="32" selection-end-column="10" />
          <folding />
        </state>
      </provider>
    </entry>
  </component>
</project>